epoch,deterministic,uniform_v1,uniform_v2
1,147.11873450862714,139.52582524470796,151.07318429759687
2,216.13534547714045,163.38449869179675,225.66365962512677
