epoch,deterministic,uniform_v1,uniform_v2
1,172.7474302882038,142.71345295151008,168.2348217298905
2,277.1919415536867,179.30021972587716,303.3092503707964
