epoch,deterministic,uniform_v1,uniform_v2
1,168.8468333732864,106.50655392087285,168.8468333732864
2,316.53674800143233,210.9263950581901,316.53674800143233
