epoch,deterministic,uniform_v1,uniform_v2
1,150.78295407295226,123.88031582832336,155.34685683250427
2,278.31724927425387,170.76551666259766,287.85660367012025
