epoch,deterministic,uniform_v1,uniform_v2
1,148.66719098091124,94.63537397384644,149.65679025650024
2,228.42048559188842,181.96041526794434,323.20423393249513
