epoch,deterministic,uniform_v1,uniform_v2
1,150.54851926996054,87.27041190525019,153.16606434744585
2,156.52810236863448,110.65921712505455,177.19834269136967
