epoch,deterministic,uniform_v1,uniform_v2
1,137.57300586700438,119.01519441604614,138.28546347618104
2,223.53415853977202,150.02142052650453,248.99806966781617
