epoch,deterministic,uniform_v1,uniform_v2
1,136.43018723911058,90.70857834531135,138.56342972905745
2,188.85250850442443,105.21562882828388,196.05985968400034
