epoch,deterministic,uniform_v1,uniform_v2
1,182.19814157485962,120.96919536590576,173.1361813545227
2,128.95024347305298,86.90294027328491,133.85997200012207
