epoch,deterministic,uniform_v1
1,142.28695645332337,128.46647357940674
2,164.98062605857848,134.49312191009523
