epoch,deterministic,uniform_v1,uniform_v2
1,208.795689067475,88.4337477672814,200.89250299815916
2,152.36919673446263,192.71874279743156,198.65372112029104
