epoch,deterministic,uniform_v1,uniform_v2
1,142.22638093548022,80.95954305966572,144.37586847210653
2,163.86696323992487,121.75510764125792,158.98103614210112
