epoch,deterministic,uniform_v1,uniform_v2
1,197.43041404609042,121.00781521640643,219.08333127470667
2,148.81021083440854,86.54211319218784,141.18889567051465
