epoch,deterministic,uniform_v1,uniform_v2
1,124.05293445587158,101.18803267478943,133.06425447463988
2,251.5268135547638,182.48823463916779,239.03996481895447
