epoch,deterministic,uniform_v1,uniform_v2
1,159.68496419839863,92.50046649193655,156.03213850805716
2,197.00352940278765,86.37238175640675,177.02505895573742
