epoch,deterministic,uniform_v1,uniform_v2
1,154.23613020851926,112.96457253939111,161.2935292118084
2,152.42106894309813,89.97859172281854,158.9727000628149
