epoch,deterministic,uniform_v1,uniform_v2
1,169.5430720729529,105.98943933358859,191.43304557451395
2,143.57954894605692,93.4468516821535,138.59573434122325
