epoch,deterministic,uniform_v1,uniform_v2
1,131.1151763475783,103.59317626821057,131.1151763475783
2,308.5042040444283,156.40941400199574,308.5042040444283
