epoch,deterministic,uniform_v1,uniform_v2
1,189.11104038639877,92.26952857964027,188.1630227758749
2,150.97382379419224,108.9781367238101,142.0456100259308
