epoch,deterministic,uniform_v1,uniform_v2
1,171.6350772991931,121.43540730922521,168.07047195647888
2,132.74671009745057,81.75203752910129,142.046397159176
