epoch,deterministic,uniform_v1,uniform_v2
1,115.50174441337586,125.09777755737305,119.88032579421997
