epoch,deterministic,uniform_v1,uniform_v2
1,124.27964773558165,100.11578670178802,124.27964773558165
2,233.49576949680608,193.40787045715686,233.49576949680608
