epoch,deterministic,uniform_v1,uniform_v2
1,178.41580659648181,147.0696507856917,169.1149954772751
2,239.66796084780958,246.46149451582852,246.833242801194
