epoch,deterministic,uniform_v1,uniform_v2
1,113.75357899665832,101.41200613975525,118.0584032535553
2,183.8746570110321,154.99891176223755,251.80556230545045
