epoch,deterministic,uniform_v1,uniform_v2
1,164.59510767808626,91.2436879064979,164.5829642812
2,236.57437403090103,163.81622469804864,220.69597060106577
