epoch,deterministic,uniform_v1,uniform_v2
1,135.87514727561407,84.67170484683678,142.28304370153506
2,135.87121991840468,119.89393376612574,136.40096865534792
