epoch,deterministic,uniform_v1,uniform_v2
1,137.3240183838004,130.35881275256614,134.0555842570293
2,182.41798654086793,202.56470258432276,180.8077259884839
