epoch,deterministic,uniform_v1,uniform_v2
1,131.47948489189147,96.30746507644653,137.60131340026857
2,293.0649130821228,184.6611864566803,302.8970233440399
