epoch,deterministic,uniform_v1,uniform_v2
1,133.7727899133402,114.41892980851628,136.72684210145047
2,278.34109653759026,217.56994372973185,257.6995909002602
