epoch,deterministic,uniform_v1,uniform_v2
1,190.23200879963835,93.59886649331443,190.42673500529415
2,178.2487857350801,90.1751418237276,188.46775076976144
