epoch,deterministic,uniform_v1,uniform_v2
1,162.63362563666527,93.84752760471564,160.07155827646287
2,186.72305440176302,139.55806274678122,177.59435816002502
