epoch,deterministic,uniform_v1,uniform_v2
1,225.76786381099504,130.2647010095269,209.8752279094452
2,124.50046230096348,93.3150542801735,123.215065697314
