epoch,deterministic,uniform_v1,uniform_v2
1,153.80381035804749,90.6891025543213,156.8375153541565
2,234.67756800651551,148.13710260391235,285.8262401580811
