epoch,deterministic,uniform_v1,uniform_v2
1,217.63671964939465,76.97092942052332,162.82676087279953
2,167.69036277698294,102.18976465414853,158.40685133919175
