epoch,deterministic,uniform_v1,uniform_v2
1,155.3066619491271,122.96351900308598,155.77364618348136
2,248.17517131818613,149.6054091320233,246.18754608274406
