epoch,deterministic,uniform_v1,uniform_v2
1,137.16703623319611,112.62456710919507,135.8163224069303
2,295.2710124869862,168.27112144608648,312.1094833984713
