epoch,deterministic,uniform_v1,uniform_v2
1,135.10565563925806,124.5214771171203,136.6392025111349
2,266.40786629020187,151.63069015852437,260.6126915973753
