epoch,deterministic,uniform_v1
1,122.52293195724488,119.51052589416504
2,277.4760381221771,191.17797908782958
