epoch,deterministic,uniform_v1,uniform_v2
1,194.19688857029192,82.8735168080257,188.42618049235676
2,143.072872593567,92.09599715558548,142.985128257449
